{
    "loss": 0.0829383134841919,
    "accuracy": 0.9703288078308105
}